{
  "version": "21.0.0",
  "files": {
    "915f96a3456431c240490141d37e9a3f480c162c59c584a2d41e6ece77d76ff8": {
      "source": {
        "path": "asset.915f96a3456431c240490141d37e9a3f480c162c59c584a2d41e6ece77d76ff8",
        "packaging": "zip"
      },
      "destinations": {
        "current_account-current_region": {
          "bucketName": "cdk-hnb659fds-assets-${AWS::AccountId}-${AWS::Region}",
          "objectKey": "915f96a3456431c240490141d37e9a3f480c162c59c584a2d41e6ece77d76ff8.zip",
          "assumeRoleArn": "arn:${AWS::Partition}:iam::${AWS::AccountId}:role/cdk-hnb659fds-file-publishing-role-${AWS::AccountId}-${AWS::Region}"
        }
      }
    },
    "31cc17d36b5a20764e300924b401d0a604c7c776b6da72c659dc6b55b6027fb2": {
      "source": {
        "path": "CdkAppDemoStack.template.json",
        "packaging": "file"
      },
      "destinations": {
        "current_account-current_region": {
          "bucketName": "cdk-hnb659fds-assets-${AWS::AccountId}-${AWS::Region}",
          "objectKey": "31cc17d36b5a20764e300924b401d0a604c7c776b6da72c659dc6b55b6027fb2.json",
          "assumeRoleArn": "arn:${AWS::Partition}:iam::${AWS::AccountId}:role/cdk-hnb659fds-file-publishing-role-${AWS::AccountId}-${AWS::Region}"
        }
      }
    }
  },
  "dockerImages": {}
}