{
  "version": "21.0.0",
  "files": {
    "78cb02958b5c95855df94f31b2f30713158684895fba9df1584d6ec5b83ec5ae": {
      "source": {
        "path": "masood-cdk-app.template.json",
        "packaging": "file"
      },
      "destinations": {
        "current_account-current_region": {
          "bucketName": "cdk-hnb659fds-assets-${AWS::AccountId}-${AWS::Region}",
          "objectKey": "78cb02958b5c95855df94f31b2f30713158684895fba9df1584d6ec5b83ec5ae.json",
          "assumeRoleArn": "arn:${AWS::Partition}:iam::${AWS::AccountId}:role/cdk-hnb659fds-file-publishing-role-${AWS::AccountId}-${AWS::Region}"
        }
      }
    }
  },
  "dockerImages": {}
}