{
  "version": "21.0.0",
  "files": {
    "8ab0672734ea37ef41a281f5634bd411821f8cc4a4d7993d909d063a7aa8e97b": {
      "source": {
        "path": "Masood-ws-apigateway.template.json",
        "packaging": "file"
      },
      "destinations": {
        "current_account-current_region": {
          "bucketName": "cdk-hnb659fds-assets-${AWS::AccountId}-${AWS::Region}",
          "objectKey": "8ab0672734ea37ef41a281f5634bd411821f8cc4a4d7993d909d063a7aa8e97b.json",
          "assumeRoleArn": "arn:${AWS::Partition}:iam::${AWS::AccountId}:role/cdk-hnb659fds-file-publishing-role-${AWS::AccountId}-${AWS::Region}"
        }
      }
    }
  },
  "dockerImages": {}
}