{
  "version": "21.0.0",
  "files": {
    "c62353ab926f9445c8ae063f491958d6de16483cf76a9b57b84baa0151be1b05": {
      "source": {
        "path": "asset.c62353ab926f9445c8ae063f491958d6de16483cf76a9b57b84baa0151be1b05",
        "packaging": "zip"
      },
      "destinations": {
        "current_account-current_region": {
          "bucketName": "cdk-hnb659fds-assets-${AWS::AccountId}-${AWS::Region}",
          "objectKey": "c62353ab926f9445c8ae063f491958d6de16483cf76a9b57b84baa0151be1b05.zip",
          "assumeRoleArn": "arn:${AWS::Partition}:iam::${AWS::AccountId}:role/cdk-hnb659fds-file-publishing-role-${AWS::AccountId}-${AWS::Region}"
        }
      }
    },
    "915f96a3456431c240490141d37e9a3f480c162c59c584a2d41e6ece77d76ff8": {
      "source": {
        "path": "asset.915f96a3456431c240490141d37e9a3f480c162c59c584a2d41e6ece77d76ff8",
        "packaging": "zip"
      },
      "destinations": {
        "current_account-current_region": {
          "bucketName": "cdk-hnb659fds-assets-${AWS::AccountId}-${AWS::Region}",
          "objectKey": "915f96a3456431c240490141d37e9a3f480c162c59c584a2d41e6ece77d76ff8.zip",
          "assumeRoleArn": "arn:${AWS::Partition}:iam::${AWS::AccountId}:role/cdk-hnb659fds-file-publishing-role-${AWS::AccountId}-${AWS::Region}"
        }
      }
    },
    "f2ad1a76e5ae47d6e67089a24830e46737d3464cbfba85c6e6d5f21eeeffc284": {
      "source": {
        "path": "MasoodCdkApiStack.template.json",
        "packaging": "file"
      },
      "destinations": {
        "current_account-current_region": {
          "bucketName": "cdk-hnb659fds-assets-${AWS::AccountId}-${AWS::Region}",
          "objectKey": "f2ad1a76e5ae47d6e67089a24830e46737d3464cbfba85c6e6d5f21eeeffc284.json",
          "assumeRoleArn": "arn:${AWS::Partition}:iam::${AWS::AccountId}:role/cdk-hnb659fds-file-publishing-role-${AWS::AccountId}-${AWS::Region}"
        }
      }
    }
  },
  "dockerImages": {}
}